Time step	Time[s]	Interface	Domain	Type	Surface[%]
1	1.1099271887764162	Right interface	Right active material	Favorable	0.0
1	1.1099271887764162	Right interface	Right active material	Cumulated	0.0
1	1.1099271887764162	Right interface	Right active material	Used in the model	0.0
1	1.1099271887764162	Right interface	Electrolyte	Used in the model	0.0
2	2.4973361747469363	Right interface	Right active material	Favorable	0.0
2	2.4973361747469363	Right interface	Right active material	Cumulated	0.0
2	2.4973361747469363	Right interface	Right active material	Used in the model	0.0
2	2.4973361747469363	Right interface	Electrolyte	Used in the model	0.0
3	4.231597407210087	Right interface	Right active material	Favorable	0.0
3	4.231597407210087	Right interface	Right active material	Cumulated	0.0
3	4.231597407210087	Right interface	Right active material	Used in the model	0.0
3	4.231597407210087	Right interface	Electrolyte	Used in the model	0.0
4	6.399423947789025	Right interface	Right active material	Favorable	0.0
4	6.399423947789025	Right interface	Right active material	Cumulated	0.0
4	6.399423947789025	Right interface	Right active material	Used in the model	0.0
4	6.399423947789025	Right interface	Electrolyte	Used in the model	0.0
5	9.109207123512697	Right interface	Right active material	Favorable	0.0
5	9.109207123512697	Right interface	Right active material	Cumulated	0.0
5	9.109207123512697	Right interface	Right active material	Used in the model	0.0
5	9.109207123512697	Right interface	Electrolyte	Used in the model	0.0
6	12.496436093167286	Right interface	Right active material	Favorable	0.0
6	12.496436093167286	Right interface	Right active material	Cumulated	0.0
6	12.496436093167286	Right interface	Right active material	Used in the model	0.0
6	12.496436093167286	Right interface	Electrolyte	Used in the model	0.0
7	16.730472305235523	Right interface	Right active material	Favorable	0.0
7	16.730472305235523	Right interface	Right active material	Cumulated	0.0
7	16.730472305235523	Right interface	Right active material	Used in the model	0.0
7	16.730472305235523	Right interface	Electrolyte	Used in the model	0.0
8	22.02301757032082	Right interface	Right active material	Favorable	0.0
8	22.02301757032082	Right interface	Right active material	Cumulated	0.0
8	22.02301757032082	Right interface	Right active material	Used in the model	0.0
8	22.02301757032082	Right interface	Electrolyte	Used in the model	0.0
9	28.638699151677443	Right interface	Right active material	Favorable	0.0
9	28.638699151677443	Right interface	Right active material	Cumulated	0.0
9	28.638699151677443	Right interface	Right active material	Used in the model	0.0
9	28.638699151677443	Right interface	Electrolyte	Used in the model	0.0
10	36.908301128373225	Right interface	Right active material	Favorable	0.0
10	36.908301128373225	Right interface	Right active material	Cumulated	0.0
10	36.908301128373225	Right interface	Right active material	Used in the model	0.0
10	36.908301128373225	Right interface	Electrolyte	Used in the model	0.0
11	47.245303599242945	Right interface	Right active material	Favorable	0.0
11	47.245303599242945	Right interface	Right active material	Cumulated	0.0
11	47.245303599242945	Right interface	Right active material	Used in the model	0.0
11	47.245303599242945	Right interface	Electrolyte	Used in the model	0.0
12	58.344575487007106	Right interface	Right active material	Favorable	0.0
12	58.344575487007106	Right interface	Right active material	Cumulated	0.0
12	58.344575487007106	Right interface	Right active material	Used in the model	0.0
12	58.344575487007106	Right interface	Electrolyte	Used in the model	0.0
13	69.44384737477127	Right interface	Right active material	Favorable	0.0
13	69.44384737477127	Right interface	Right active material	Cumulated	0.0
13	69.44384737477127	Right interface	Right active material	Used in the model	0.0
13	69.44384737477127	Right interface	Electrolyte	Used in the model	0.0
14	80.54311926253543	Right interface	Right active material	Favorable	0.0
14	80.54311926253543	Right interface	Right active material	Cumulated	0.0
14	80.54311926253543	Right interface	Right active material	Used in the model	0.0
14	80.54311926253543	Right interface	Electrolyte	Used in the model	0.0
15	91.64239115029959	Right interface	Right active material	Favorable	0.0
15	91.64239115029959	Right interface	Right active material	Cumulated	0.0
15	91.64239115029959	Right interface	Right active material	Used in the model	0.0
15	91.64239115029959	Right interface	Electrolyte	Used in the model	0.0
16	102.74166303806375	Right interface	Right active material	Favorable	0.0
16	102.74166303806375	Right interface	Right active material	Cumulated	0.0
16	102.74166303806375	Right interface	Right active material	Used in the model	0.0
16	102.74166303806375	Right interface	Electrolyte	Used in the model	0.0
17	113.84093492582791	Right interface	Right active material	Favorable	0.0
17	113.84093492582791	Right interface	Right active material	Cumulated	0.0
17	113.84093492582791	Right interface	Right active material	Used in the model	0.0
17	113.84093492582791	Right interface	Electrolyte	Used in the model	0.0
18	124.94020681359207	Right interface	Right active material	Favorable	0.0
18	124.94020681359207	Right interface	Right active material	Cumulated	0.0
18	124.94020681359207	Right interface	Right active material	Used in the model	0.0
18	124.94020681359207	Right interface	Electrolyte	Used in the model	0.0
19	136.03947870135624	Right interface	Right active material	Favorable	0.0
19	136.03947870135624	Right interface	Right active material	Cumulated	0.0
19	136.03947870135624	Right interface	Right active material	Used in the model	0.0
19	136.03947870135624	Right interface	Electrolyte	Used in the model	0.0
20	147.1387505891204	Right interface	Right active material	Favorable	0.0
20	147.1387505891204	Right interface	Right active material	Cumulated	0.0
20	147.1387505891204	Right interface	Right active material	Used in the model	0.0
20	147.1387505891204	Right interface	Electrolyte	Used in the model	0.0
21	158.23802247688457	Right interface	Right active material	Favorable	0.0
21	158.23802247688457	Right interface	Right active material	Cumulated	0.0
21	158.23802247688457	Right interface	Right active material	Used in the model	0.0
21	158.23802247688457	Right interface	Electrolyte	Used in the model	0.0
22	169.33729436464873	Right interface	Right active material	Favorable	0.0
22	169.33729436464873	Right interface	Right active material	Cumulated	0.0
22	169.33729436464873	Right interface	Right active material	Used in the model	0.0
22	169.33729436464873	Right interface	Electrolyte	Used in the model	0.0
23	180.4365662524129	Right interface	Right active material	Favorable	0.0
23	180.4365662524129	Right interface	Right active material	Cumulated	0.0
23	180.4365662524129	Right interface	Right active material	Used in the model	0.0
23	180.4365662524129	Right interface	Electrolyte	Used in the model	0.0
24	191.53583814017705	Right interface	Right active material	Favorable	0.0
24	191.53583814017705	Right interface	Right active material	Cumulated	0.0
24	191.53583814017705	Right interface	Right active material	Used in the model	0.0
24	191.53583814017705	Right interface	Electrolyte	Used in the model	0.0
25	202.6351100279412	Right interface	Right active material	Favorable	0.0
25	202.6351100279412	Right interface	Right active material	Cumulated	0.0
25	202.6351100279412	Right interface	Right active material	Used in the model	0.0
25	202.6351100279412	Right interface	Electrolyte	Used in the model	0.0
26	213.73438191570537	Right interface	Right active material	Favorable	0.0
26	213.73438191570537	Right interface	Right active material	Cumulated	0.0
26	213.73438191570537	Right interface	Right active material	Used in the model	0.0
26	213.73438191570537	Right interface	Electrolyte	Used in the model	0.0
27	224.83365380346953	Right interface	Right active material	Favorable	0.0
27	224.83365380346953	Right interface	Right active material	Cumulated	0.0
27	224.83365380346953	Right interface	Right active material	Used in the model	0.0
27	224.83365380346953	Right interface	Electrolyte	Used in the model	0.0
28	235.9329256912337	Right interface	Right active material	Favorable	0.0
28	235.9329256912337	Right interface	Right active material	Cumulated	0.0
28	235.9329256912337	Right interface	Right active material	Used in the model	0.0
28	235.9329256912337	Right interface	Electrolyte	Used in the model	0.0
29	247.03219757899785	Right interface	Right active material	Favorable	0.0
29	247.03219757899785	Right interface	Right active material	Cumulated	0.0
29	247.03219757899785	Right interface	Right active material	Used in the model	0.0
29	247.03219757899785	Right interface	Electrolyte	Used in the model	0.0
30	258.13146946676204	Right interface	Right active material	Favorable	0.0
30	258.13146946676204	Right interface	Right active material	Cumulated	0.0
30	258.13146946676204	Right interface	Right active material	Used in the model	0.0
30	258.13146946676204	Right interface	Electrolyte	Used in the model	0.0
31	269.23074135452623	Right interface	Right active material	Favorable	0.0
31	269.23074135452623	Right interface	Right active material	Cumulated	0.0
31	269.23074135452623	Right interface	Right active material	Used in the model	0.0
31	269.23074135452623	Right interface	Electrolyte	Used in the model	0.0
32	280.3300132422904	Right interface	Right active material	Favorable	0.0
32	280.3300132422904	Right interface	Right active material	Cumulated	0.0
32	280.3300132422904	Right interface	Right active material	Used in the model	0.0
32	280.3300132422904	Right interface	Electrolyte	Used in the model	0.0
33	291.4292851300546	Right interface	Right active material	Favorable	0.0
33	291.4292851300546	Right interface	Right active material	Cumulated	0.0
33	291.4292851300546	Right interface	Right active material	Used in the model	0.0
33	291.4292851300546	Right interface	Electrolyte	Used in the model	0.0
34	302.5285570178188	Right interface	Right active material	Favorable	0.0
34	302.5285570178188	Right interface	Right active material	Cumulated	0.0
34	302.5285570178188	Right interface	Right active material	Used in the model	0.0
34	302.5285570178188	Right interface	Electrolyte	Used in the model	0.0
35	313.627828905583	Right interface	Right active material	Favorable	0.0
35	313.627828905583	Right interface	Right active material	Cumulated	0.0
35	313.627828905583	Right interface	Right active material	Used in the model	0.0
35	313.627828905583	Right interface	Electrolyte	Used in the model	0.0
36	324.7271007933472	Right interface	Right active material	Favorable	0.0
36	324.7271007933472	Right interface	Right active material	Cumulated	0.0
36	324.7271007933472	Right interface	Right active material	Used in the model	0.0
36	324.7271007933472	Right interface	Electrolyte	Used in the model	0.0
37	335.82637268111137	Right interface	Right active material	Favorable	0.0
37	335.82637268111137	Right interface	Right active material	Cumulated	0.0
37	335.82637268111137	Right interface	Right active material	Used in the model	0.0
37	335.82637268111137	Right interface	Electrolyte	Used in the model	0.0
38	346.92564456887555	Right interface	Right active material	Favorable	0.0
38	346.92564456887555	Right interface	Right active material	Cumulated	0.0
38	346.92564456887555	Right interface	Right active material	Used in the model	0.0
38	346.92564456887555	Right interface	Electrolyte	Used in the model	0.0
39	358.02491645663974	Right interface	Right active material	Favorable	0.0
39	358.02491645663974	Right interface	Right active material	Cumulated	0.0
39	358.02491645663974	Right interface	Right active material	Used in the model	0.0
39	358.02491645663974	Right interface	Electrolyte	Used in the model	0.0
40	369.12418834440393	Right interface	Right active material	Favorable	0.0
40	369.12418834440393	Right interface	Right active material	Cumulated	0.0
40	369.12418834440393	Right interface	Right active material	Used in the model	0.0
40	369.12418834440393	Right interface	Electrolyte	Used in the model	0.0
41	380.2234602321681	Right interface	Right active material	Favorable	0.0
41	380.2234602321681	Right interface	Right active material	Cumulated	0.0
41	380.2234602321681	Right interface	Right active material	Used in the model	0.0
41	380.2234602321681	Right interface	Electrolyte	Used in the model	0.0
42	391.3227321199323	Right interface	Right active material	Favorable	0.0
42	391.3227321199323	Right interface	Right active material	Cumulated	0.0
42	391.3227321199323	Right interface	Right active material	Used in the model	0.0
42	391.3227321199323	Right interface	Electrolyte	Used in the model	0.0
43	402.4220040076965	Right interface	Right active material	Favorable	0.0
43	402.4220040076965	Right interface	Right active material	Cumulated	0.0
43	402.4220040076965	Right interface	Right active material	Used in the model	0.0
43	402.4220040076965	Right interface	Electrolyte	Used in the model	0.0
44	413.5212758954607	Right interface	Right active material	Favorable	0.0
44	413.5212758954607	Right interface	Right active material	Cumulated	0.0
44	413.5212758954607	Right interface	Right active material	Used in the model	0.0
44	413.5212758954607	Right interface	Electrolyte	Used in the model	0.0
45	424.6205477832249	Right interface	Right active material	Favorable	0.0
45	424.6205477832249	Right interface	Right active material	Cumulated	0.0
45	424.6205477832249	Right interface	Right active material	Used in the model	0.0
45	424.6205477832249	Right interface	Electrolyte	Used in the model	0.0
46	435.71981967098907	Right interface	Right active material	Favorable	0.0
46	435.71981967098907	Right interface	Right active material	Cumulated	0.0
46	435.71981967098907	Right interface	Right active material	Used in the model	0.0
46	435.71981967098907	Right interface	Electrolyte	Used in the model	0.0
47	446.81909155875326	Right interface	Right active material	Favorable	0.0
47	446.81909155875326	Right interface	Right active material	Cumulated	0.0
47	446.81909155875326	Right interface	Right active material	Used in the model	0.0
47	446.81909155875326	Right interface	Electrolyte	Used in the model	0.0
48	457.91836344651745	Right interface	Right active material	Favorable	0.0
48	457.91836344651745	Right interface	Right active material	Cumulated	0.0
48	457.91836344651745	Right interface	Right active material	Used in the model	0.0
48	457.91836344651745	Right interface	Electrolyte	Used in the model	0.0
49	469.01763533428164	Right interface	Right active material	Favorable	0.0
49	469.01763533428164	Right interface	Right active material	Cumulated	0.0
49	469.01763533428164	Right interface	Right active material	Used in the model	0.0
49	469.01763533428164	Right interface	Electrolyte	Used in the model	0.0
50	480.1169072220458	Right interface	Right active material	Favorable	0.0
50	480.1169072220458	Right interface	Right active material	Cumulated	0.0
50	480.1169072220458	Right interface	Right active material	Used in the model	0.0
50	480.1169072220458	Right interface	Electrolyte	Used in the model	0.0
51	491.21617910981	Right interface	Right active material	Favorable	0.0
51	491.21617910981	Right interface	Right active material	Cumulated	0.0
51	491.21617910981	Right interface	Right active material	Used in the model	0.0
51	491.21617910981	Right interface	Electrolyte	Used in the model	0.0
52	502.3154509975742	Right interface	Right active material	Favorable	0.0
52	502.3154509975742	Right interface	Right active material	Cumulated	0.0
52	502.3154509975742	Right interface	Right active material	Used in the model	0.0
52	502.3154509975742	Right interface	Electrolyte	Used in the model	0.0
53	513.4147228853384	Right interface	Right active material	Favorable	0.0
53	513.4147228853384	Right interface	Right active material	Cumulated	0.0
53	513.4147228853384	Right interface	Right active material	Used in the model	0.0
53	513.4147228853384	Right interface	Electrolyte	Used in the model	0.0
54	524.5139947731026	Right interface	Right active material	Favorable	0.0
54	524.5139947731026	Right interface	Right active material	Cumulated	0.0
54	524.5139947731026	Right interface	Right active material	Used in the model	0.0
54	524.5139947731026	Right interface	Electrolyte	Used in the model	0.0
55	535.6132666608668	Right interface	Right active material	Favorable	0.0
55	535.6132666608668	Right interface	Right active material	Cumulated	0.0
55	535.6132666608668	Right interface	Right active material	Used in the model	0.0
55	535.6132666608668	Right interface	Electrolyte	Used in the model	0.0
56	546.712538548631	Right interface	Right active material	Favorable	0.0
56	546.712538548631	Right interface	Right active material	Cumulated	0.0
56	546.712538548631	Right interface	Right active material	Used in the model	0.0
56	546.712538548631	Right interface	Electrolyte	Used in the model	0.0
57	557.8118104363951	Right interface	Right active material	Favorable	0.0
57	557.8118104363951	Right interface	Right active material	Cumulated	0.0
57	557.8118104363951	Right interface	Right active material	Used in the model	0.0
57	557.8118104363951	Right interface	Electrolyte	Used in the model	0.0
58	568.9110823241593	Right interface	Right active material	Favorable	0.0
58	568.9110823241593	Right interface	Right active material	Cumulated	0.0
58	568.9110823241593	Right interface	Right active material	Used in the model	0.0
58	568.9110823241593	Right interface	Electrolyte	Used in the model	0.0
59	580.0103542119235	Right interface	Right active material	Favorable	0.0
59	580.0103542119235	Right interface	Right active material	Cumulated	0.0
59	580.0103542119235	Right interface	Right active material	Used in the model	0.0
59	580.0103542119235	Right interface	Electrolyte	Used in the model	0.0
60	591.1096260996877	Right interface	Right active material	Favorable	0.0
60	591.1096260996877	Right interface	Right active material	Cumulated	0.0
60	591.1096260996877	Right interface	Right active material	Used in the model	0.0
60	591.1096260996877	Right interface	Electrolyte	Used in the model	0.0
61	602.2088979874519	Right interface	Right active material	Favorable	0.0
61	602.2088979874519	Right interface	Right active material	Cumulated	0.0
61	602.2088979874519	Right interface	Right active material	Used in the model	0.0
61	602.2088979874519	Right interface	Electrolyte	Used in the model	0.0
62	613.3081698752161	Right interface	Right active material	Favorable	0.0
62	613.3081698752161	Right interface	Right active material	Cumulated	0.0
62	613.3081698752161	Right interface	Right active material	Used in the model	0.0
62	613.3081698752161	Right interface	Electrolyte	Used in the model	0.0
63	624.4074417629803	Right interface	Right active material	Favorable	0.0
63	624.4074417629803	Right interface	Right active material	Cumulated	0.0
63	624.4074417629803	Right interface	Right active material	Used in the model	0.0
63	624.4074417629803	Right interface	Electrolyte	Used in the model	0.0
64	635.5067136507445	Right interface	Right active material	Favorable	0.0
64	635.5067136507445	Right interface	Right active material	Cumulated	0.0
64	635.5067136507445	Right interface	Right active material	Used in the model	0.0
64	635.5067136507445	Right interface	Electrolyte	Used in the model	0.0
65	646.6059855385087	Right interface	Right active material	Favorable	0.0
65	646.6059855385087	Right interface	Right active material	Cumulated	0.0
65	646.6059855385087	Right interface	Right active material	Used in the model	0.0
65	646.6059855385087	Right interface	Electrolyte	Used in the model	0.0
66	657.7052574262729	Right interface	Right active material	Favorable	0.0
66	657.7052574262729	Right interface	Right active material	Cumulated	0.0
66	657.7052574262729	Right interface	Right active material	Used in the model	0.0
66	657.7052574262729	Right interface	Electrolyte	Used in the model	0.0
67	668.804529314037	Right interface	Right active material	Favorable	0.0
67	668.804529314037	Right interface	Right active material	Cumulated	0.0
67	668.804529314037	Right interface	Right active material	Used in the model	0.0
67	668.804529314037	Right interface	Electrolyte	Used in the model	0.0
68	679.9038012018012	Right interface	Right active material	Favorable	0.0
68	679.9038012018012	Right interface	Right active material	Cumulated	0.0
68	679.9038012018012	Right interface	Right active material	Used in the model	0.0
68	679.9038012018012	Right interface	Electrolyte	Used in the model	0.0
69	691.0030730895654	Right interface	Right active material	Favorable	0.0
69	691.0030730895654	Right interface	Right active material	Cumulated	0.0
69	691.0030730895654	Right interface	Right active material	Used in the model	0.0
69	691.0030730895654	Right interface	Electrolyte	Used in the model	0.0
70	702.1023449773296	Right interface	Right active material	Favorable	0.0
70	702.1023449773296	Right interface	Right active material	Cumulated	0.0
70	702.1023449773296	Right interface	Right active material	Used in the model	0.0
70	702.1023449773296	Right interface	Electrolyte	Used in the model	0.0
71	713.2016168650938	Right interface	Right active material	Favorable	0.0
71	713.2016168650938	Right interface	Right active material	Cumulated	0.0
71	713.2016168650938	Right interface	Right active material	Used in the model	0.0
71	713.2016168650938	Right interface	Electrolyte	Used in the model	0.0
72	724.300888752858	Right interface	Right active material	Favorable	0.0
72	724.300888752858	Right interface	Right active material	Cumulated	0.0
72	724.300888752858	Right interface	Right active material	Used in the model	0.0
72	724.300888752858	Right interface	Electrolyte	Used in the model	0.0
73	735.4001606406222	Right interface	Right active material	Favorable	0.0
73	735.4001606406222	Right interface	Right active material	Cumulated	0.0
73	735.4001606406222	Right interface	Right active material	Used in the model	0.0
73	735.4001606406222	Right interface	Electrolyte	Used in the model	0.0
74	746.4994325283864	Right interface	Right active material	Favorable	0.0
74	746.4994325283864	Right interface	Right active material	Cumulated	0.0
74	746.4994325283864	Right interface	Right active material	Used in the model	0.0
74	746.4994325283864	Right interface	Electrolyte	Used in the model	0.0
75	757.5987044161506	Right interface	Right active material	Favorable	0.0
75	757.5987044161506	Right interface	Right active material	Cumulated	0.0
75	757.5987044161506	Right interface	Right active material	Used in the model	0.0
75	757.5987044161506	Right interface	Electrolyte	Used in the model	0.0
76	768.6979763039147	Right interface	Right active material	Favorable	0.0
76	768.6979763039147	Right interface	Right active material	Cumulated	0.0
76	768.6979763039147	Right interface	Right active material	Used in the model	0.0
76	768.6979763039147	Right interface	Electrolyte	Used in the model	0.0
77	779.7972481916789	Right interface	Right active material	Favorable	0.0
77	779.7972481916789	Right interface	Right active material	Cumulated	0.0
77	779.7972481916789	Right interface	Right active material	Used in the model	0.0
77	779.7972481916789	Right interface	Electrolyte	Used in the model	0.0
78	790.8965200794431	Right interface	Right active material	Favorable	0.0
78	790.8965200794431	Right interface	Right active material	Cumulated	0.0
78	790.8965200794431	Right interface	Right active material	Used in the model	0.0
78	790.8965200794431	Right interface	Electrolyte	Used in the model	0.0
79	801.9957919672073	Right interface	Right active material	Favorable	0.0
79	801.9957919672073	Right interface	Right active material	Cumulated	0.0
79	801.9957919672073	Right interface	Right active material	Used in the model	0.0
79	801.9957919672073	Right interface	Electrolyte	Used in the model	0.0
80	813.0950638549715	Right interface	Right active material	Favorable	0.0
80	813.0950638549715	Right interface	Right active material	Cumulated	0.0
80	813.0950638549715	Right interface	Right active material	Used in the model	0.0
80	813.0950638549715	Right interface	Electrolyte	Used in the model	0.0
81	824.1943357427357	Right interface	Right active material	Favorable	0.0
81	824.1943357427357	Right interface	Right active material	Cumulated	0.0
81	824.1943357427357	Right interface	Right active material	Used in the model	0.0
81	824.1943357427357	Right interface	Electrolyte	Used in the model	0.0
82	835.2936076304999	Right interface	Right active material	Favorable	0.0
82	835.2936076304999	Right interface	Right active material	Cumulated	0.0
82	835.2936076304999	Right interface	Right active material	Used in the model	0.0
82	835.2936076304999	Right interface	Electrolyte	Used in the model	0.0
83	846.3928795182641	Right interface	Right active material	Favorable	0.0
83	846.3928795182641	Right interface	Right active material	Cumulated	0.0
83	846.3928795182641	Right interface	Right active material	Used in the model	0.0
83	846.3928795182641	Right interface	Electrolyte	Used in the model	0.0
84	857.4921514060283	Right interface	Right active material	Favorable	0.0
84	857.4921514060283	Right interface	Right active material	Cumulated	0.0
84	857.4921514060283	Right interface	Right active material	Used in the model	0.0
84	857.4921514060283	Right interface	Electrolyte	Used in the model	0.0
85	868.5914232937924	Right interface	Right active material	Favorable	0.0
85	868.5914232937924	Right interface	Right active material	Cumulated	0.0
85	868.5914232937924	Right interface	Right active material	Used in the model	0.0
85	868.5914232937924	Right interface	Electrolyte	Used in the model	0.0
86	879.6906951815566	Right interface	Right active material	Favorable	0.0
86	879.6906951815566	Right interface	Right active material	Cumulated	0.0
86	879.6906951815566	Right interface	Right active material	Used in the model	0.0
86	879.6906951815566	Right interface	Electrolyte	Used in the model	0.0
87	890.7899670693208	Right interface	Right active material	Favorable	0.0
87	890.7899670693208	Right interface	Right active material	Cumulated	0.0
87	890.7899670693208	Right interface	Right active material	Used in the model	0.0
87	890.7899670693208	Right interface	Electrolyte	Used in the model	0.0
88	901.889238957085	Right interface	Right active material	Favorable	0.0
88	901.889238957085	Right interface	Right active material	Cumulated	0.0
88	901.889238957085	Right interface	Right active material	Used in the model	0.0
88	901.889238957085	Right interface	Electrolyte	Used in the model	0.0
89	912.9885108448492	Right interface	Right active material	Favorable	0.0
89	912.9885108448492	Right interface	Right active material	Cumulated	0.0
89	912.9885108448492	Right interface	Right active material	Used in the model	0.0
89	912.9885108448492	Right interface	Electrolyte	Used in the model	0.0
90	924.0877827326134	Right interface	Right active material	Favorable	0.0
90	924.0877827326134	Right interface	Right active material	Cumulated	0.0
90	924.0877827326134	Right interface	Right active material	Used in the model	0.0
90	924.0877827326134	Right interface	Electrolyte	Used in the model	0.0
91	935.1870546203776	Right interface	Right active material	Favorable	0.0
91	935.1870546203776	Right interface	Right active material	Cumulated	0.0
91	935.1870546203776	Right interface	Right active material	Used in the model	0.0
91	935.1870546203776	Right interface	Electrolyte	Used in the model	0.0
92	946.2863265081418	Right interface	Right active material	Favorable	0.0
92	946.2863265081418	Right interface	Right active material	Cumulated	0.0
92	946.2863265081418	Right interface	Right active material	Used in the model	0.0
92	946.2863265081418	Right interface	Electrolyte	Used in the model	0.0
93	957.385598395906	Right interface	Right active material	Favorable	0.0
93	957.385598395906	Right interface	Right active material	Cumulated	0.0
93	957.385598395906	Right interface	Right active material	Used in the model	0.0
93	957.385598395906	Right interface	Electrolyte	Used in the model	0.0
94	968.4848702836701	Right interface	Right active material	Favorable	0.0
94	968.4848702836701	Right interface	Right active material	Cumulated	0.0
94	968.4848702836701	Right interface	Right active material	Used in the model	0.0
94	968.4848702836701	Right interface	Electrolyte	Used in the model	0.0
95	979.5841421714343	Right interface	Right active material	Favorable	0.0
95	979.5841421714343	Right interface	Right active material	Cumulated	0.0
95	979.5841421714343	Right interface	Right active material	Used in the model	0.0
95	979.5841421714343	Right interface	Electrolyte	Used in the model	0.0
96	990.6834140591985	Right interface	Right active material	Favorable	0.0
96	990.6834140591985	Right interface	Right active material	Cumulated	0.0
96	990.6834140591985	Right interface	Right active material	Used in the model	0.0
96	990.6834140591985	Right interface	Electrolyte	Used in the model	0.0
97	1001.7826859469627	Right interface	Right active material	Favorable	0.0
97	1001.7826859469627	Right interface	Right active material	Cumulated	0.0
97	1001.7826859469627	Right interface	Right active material	Used in the model	0.0
97	1001.7826859469627	Right interface	Electrolyte	Used in the model	0.0
98	1012.8819578347269	Right interface	Right active material	Favorable	0.0
98	1012.8819578347269	Right interface	Right active material	Cumulated	0.0
98	1012.8819578347269	Right interface	Right active material	Used in the model	0.0
98	1012.8819578347269	Right interface	Electrolyte	Used in the model	0.0
99	1023.9812297224911	Right interface	Right active material	Favorable	0.0
99	1023.9812297224911	Right interface	Right active material	Cumulated	0.0
99	1023.9812297224911	Right interface	Right active material	Used in the model	0.0
99	1023.9812297224911	Right interface	Electrolyte	Used in the model	0.0
100	1035.0805016102552	Right interface	Right active material	Favorable	0.0
100	1035.0805016102552	Right interface	Right active material	Cumulated	0.0
100	1035.0805016102552	Right interface	Right active material	Used in the model	0.0
100	1035.0805016102552	Right interface	Electrolyte	Used in the model	0.0
101	1046.1797734980194	Right interface	Right active material	Favorable	0.0
101	1046.1797734980194	Right interface	Right active material	Cumulated	0.0
101	1046.1797734980194	Right interface	Right active material	Used in the model	0.0
101	1046.1797734980194	Right interface	Electrolyte	Used in the model	0.0
102	1057.2790453857835	Right interface	Right active material	Favorable	0.0
102	1057.2790453857835	Right interface	Right active material	Cumulated	0.0
102	1057.2790453857835	Right interface	Right active material	Used in the model	0.0
102	1057.2790453857835	Right interface	Electrolyte	Used in the model	0.0
103	1068.3783172735477	Right interface	Right active material	Favorable	0.0
103	1068.3783172735477	Right interface	Right active material	Cumulated	0.0
103	1068.3783172735477	Right interface	Right active material	Used in the model	0.0
103	1068.3783172735477	Right interface	Electrolyte	Used in the model	0.0
104	1079.477589161312	Right interface	Right active material	Favorable	0.0
104	1079.477589161312	Right interface	Right active material	Cumulated	0.0
104	1079.477589161312	Right interface	Right active material	Used in the model	0.0
104	1079.477589161312	Right interface	Electrolyte	Used in the model	0.0
105	1090.5768610490761	Right interface	Right active material	Favorable	0.0
105	1090.5768610490761	Right interface	Right active material	Cumulated	0.0
105	1090.5768610490761	Right interface	Right active material	Used in the model	0.0
105	1090.5768610490761	Right interface	Electrolyte	Used in the model	0.0
106	1101.6761329368403	Right interface	Right active material	Favorable	0.0
106	1101.6761329368403	Right interface	Right active material	Cumulated	0.0
106	1101.6761329368403	Right interface	Right active material	Used in the model	0.0
106	1101.6761329368403	Right interface	Electrolyte	Used in the model	0.0
107	1112.7754048246045	Right interface	Right active material	Favorable	0.0
107	1112.7754048246045	Right interface	Right active material	Cumulated	0.0
107	1112.7754048246045	Right interface	Right active material	Used in the model	0.0
107	1112.7754048246045	Right interface	Electrolyte	Used in the model	0.0
108	1123.8746767123687	Right interface	Right active material	Favorable	0.0
108	1123.8746767123687	Right interface	Right active material	Cumulated	0.0
108	1123.8746767123687	Right interface	Right active material	Used in the model	0.0
108	1123.8746767123687	Right interface	Electrolyte	Used in the model	0.0
109	1134.9739486001329	Right interface	Right active material	Favorable	0.0
109	1134.9739486001329	Right interface	Right active material	Cumulated	0.0
109	1134.9739486001329	Right interface	Right active material	Used in the model	0.0
109	1134.9739486001329	Right interface	Electrolyte	Used in the model	0.0
110	1146.073220487897	Right interface	Right active material	Favorable	0.0
110	1146.073220487897	Right interface	Right active material	Cumulated	0.0
110	1146.073220487897	Right interface	Right active material	Used in the model	0.0
110	1146.073220487897	Right interface	Electrolyte	Used in the model	0.0
111	1157.1724923756612	Right interface	Right active material	Favorable	0.0
111	1157.1724923756612	Right interface	Right active material	Cumulated	0.0
111	1157.1724923756612	Right interface	Right active material	Used in the model	0.0
111	1157.1724923756612	Right interface	Electrolyte	Used in the model	0.0
112	1168.2717642634254	Right interface	Right active material	Favorable	0.0
112	1168.2717642634254	Right interface	Right active material	Cumulated	0.0
112	1168.2717642634254	Right interface	Right active material	Used in the model	0.0
112	1168.2717642634254	Right interface	Electrolyte	Used in the model	0.0
113	1179.3710361511896	Right interface	Right active material	Favorable	0.0
113	1179.3710361511896	Right interface	Right active material	Cumulated	0.0
113	1179.3710361511896	Right interface	Right active material	Used in the model	0.0
113	1179.3710361511896	Right interface	Electrolyte	Used in the model	0.0
114	1190.4703080389538	Right interface	Right active material	Favorable	0.0
114	1190.4703080389538	Right interface	Right active material	Cumulated	0.0
114	1190.4703080389538	Right interface	Right active material	Used in the model	0.0
114	1190.4703080389538	Right interface	Electrolyte	Used in the model	0.0
115	1201.569579926718	Right interface	Right active material	Favorable	0.0
115	1201.569579926718	Right interface	Right active material	Cumulated	0.0
115	1201.569579926718	Right interface	Right active material	Used in the model	0.0
115	1201.569579926718	Right interface	Electrolyte	Used in the model	0.0
116	1212.6688518144822	Right interface	Right active material	Favorable	0.0
116	1212.6688518144822	Right interface	Right active material	Cumulated	0.0
116	1212.6688518144822	Right interface	Right active material	Used in the model	0.0
116	1212.6688518144822	Right interface	Electrolyte	Used in the model	0.0
117	1223.7681237022464	Right interface	Right active material	Favorable	0.0
117	1223.7681237022464	Right interface	Right active material	Cumulated	0.0
117	1223.7681237022464	Right interface	Right active material	Used in the model	0.0
117	1223.7681237022464	Right interface	Electrolyte	Used in the model	0.0
118	1234.8673955900106	Right interface	Right active material	Favorable	0.0
118	1234.8673955900106	Right interface	Right active material	Cumulated	0.0
118	1234.8673955900106	Right interface	Right active material	Used in the model	0.0
118	1234.8673955900106	Right interface	Electrolyte	Used in the model	0.0
119	1245.9666674777748	Right interface	Right active material	Favorable	0.0
119	1245.9666674777748	Right interface	Right active material	Cumulated	0.0
119	1245.9666674777748	Right interface	Right active material	Used in the model	0.0
119	1245.9666674777748	Right interface	Electrolyte	Used in the model	0.0
120	1257.065939365539	Right interface	Right active material	Favorable	0.0
120	1257.065939365539	Right interface	Right active material	Cumulated	0.0
120	1257.065939365539	Right interface	Right active material	Used in the model	0.0
120	1257.065939365539	Right interface	Electrolyte	Used in the model	0.0
121	1268.1652112533031	Right interface	Right active material	Favorable	0.0
121	1268.1652112533031	Right interface	Right active material	Cumulated	0.0
121	1268.1652112533031	Right interface	Right active material	Used in the model	0.0
121	1268.1652112533031	Right interface	Electrolyte	Used in the model	0.0
122	1279.2644831410673	Right interface	Right active material	Favorable	0.0
122	1279.2644831410673	Right interface	Right active material	Cumulated	0.0
122	1279.2644831410673	Right interface	Right active material	Used in the model	0.0
122	1279.2644831410673	Right interface	Electrolyte	Used in the model	0.0
123	1290.3637550288315	Right interface	Right active material	Favorable	0.0
123	1290.3637550288315	Right interface	Right active material	Cumulated	0.0
123	1290.3637550288315	Right interface	Right active material	Used in the model	0.0
123	1290.3637550288315	Right interface	Electrolyte	Used in the model	0.0
124	1299.243172539043	Right interface	Right active material	Favorable	0.0
124	1299.243172539043	Right interface	Right active material	Cumulated	0.0
124	1299.243172539043	Right interface	Right active material	Used in the model	0.0
124	1299.243172539043	Right interface	Electrolyte	Used in the model	0.0
125	1306.346706547212	Right interface	Right active material	Favorable	0.0
125	1306.346706547212	Right interface	Right active material	Cumulated	0.0
125	1306.346706547212	Right interface	Right active material	Used in the model	0.0
125	1306.346706547212	Right interface	Electrolyte	Used in the model	0.0
126	1312.0295337537473	Right interface	Right active material	Favorable	0.0
126	1312.0295337537473	Right interface	Right active material	Cumulated	0.0
126	1312.0295337537473	Right interface	Right active material	Used in the model	0.0
126	1312.0295337537473	Right interface	Electrolyte	Used in the model	0.0
127	1316.5757955189754	Right interface	Right active material	Favorable	0.0
127	1316.5757955189754	Right interface	Right active material	Cumulated	0.0
127	1316.5757955189754	Right interface	Right active material	Used in the model	0.0
127	1316.5757955189754	Right interface	Electrolyte	Used in the model	0.0
128	1320.212804931158	Right interface	Right active material	Favorable	0.0
128	1320.212804931158	Right interface	Right active material	Cumulated	0.0
128	1320.212804931158	Right interface	Right active material	Used in the model	0.0
128	1320.212804931158	Right interface	Electrolyte	Used in the model	0.0
129	1323.1224124609041	Right interface	Right active material	Favorable	0.0
129	1323.1224124609041	Right interface	Right active material	Cumulated	0.0
129	1323.1224124609041	Right interface	Right active material	Used in the model	0.0
129	1323.1224124609041	Right interface	Electrolyte	Used in the model	0.0
130	1325.8972304328452	Right interface	Right active material	Favorable	0.0
130	1325.8972304328452	Right interface	Right active material	Cumulated	0.0
130	1325.8972304328452	Right interface	Right active material	Used in the model	0.0
130	1325.8972304328452	Right interface	Electrolyte	Used in the model	0.0
131	1328.6720484047862	Right interface	Right active material	Favorable	0.0
131	1328.6720484047862	Right interface	Right active material	Cumulated	0.0
131	1328.6720484047862	Right interface	Right active material	Used in the model	0.0
131	1328.6720484047862	Right interface	Electrolyte	Used in the model	0.0
132	1331.4468663767273	Right interface	Right active material	Favorable	0.0
132	1331.4468663767273	Right interface	Right active material	Cumulated	0.0
132	1331.4468663767273	Right interface	Right active material	Used in the model	0.0
132	1331.4468663767273	Right interface	Electrolyte	Used in the model	0.0
133	1334.2216843486683	Right interface	Right active material	Favorable	0.0
133	1334.2216843486683	Right interface	Right active material	Cumulated	0.0
133	1334.2216843486683	Right interface	Right active material	Used in the model	0.0
133	1334.2216843486683	Right interface	Electrolyte	Used in the model	0.0
134	1336.9965023206094	Right interface	Right active material	Favorable	0.0
134	1336.9965023206094	Right interface	Right active material	Cumulated	0.0
134	1336.9965023206094	Right interface	Right active material	Used in the model	0.0
134	1336.9965023206094	Right interface	Electrolyte	Used in the model	0.0
135	1339.7713202925504	Right interface	Right active material	Favorable	0.0
135	1339.7713202925504	Right interface	Right active material	Cumulated	0.0
135	1339.7713202925504	Right interface	Right active material	Used in the model	0.0
135	1339.7713202925504	Right interface	Electrolyte	Used in the model	0.0
136	1342.5461382644914	Right interface	Right active material	Favorable	0.0
136	1342.5461382644914	Right interface	Right active material	Cumulated	0.0
136	1342.5461382644914	Right interface	Right active material	Used in the model	0.0
136	1342.5461382644914	Right interface	Electrolyte	Used in the model	0.0
137	1345.3209562364325	Right interface	Right active material	Favorable	0.0
137	1345.3209562364325	Right interface	Right active material	Cumulated	0.0
137	1345.3209562364325	Right interface	Right active material	Used in the model	0.0
137	1345.3209562364325	Right interface	Electrolyte	Used in the model	0.0
138	1348.0957742083735	Right interface	Right active material	Favorable	0.0
138	1348.0957742083735	Right interface	Right active material	Cumulated	0.0
138	1348.0957742083735	Right interface	Right active material	Used in the model	0.0
138	1348.0957742083735	Right interface	Electrolyte	Used in the model	0.0
139	1350.8705921803146	Right interface	Right active material	Favorable	0.0
139	1350.8705921803146	Right interface	Right active material	Cumulated	0.0
139	1350.8705921803146	Right interface	Right active material	Used in the model	0.0
139	1350.8705921803146	Right interface	Electrolyte	Used in the model	0.0
140	1353.6454101522556	Right interface	Right active material	Favorable	0.0
140	1353.6454101522556	Right interface	Right active material	Cumulated	0.0
140	1353.6454101522556	Right interface	Right active material	Used in the model	0.0
140	1353.6454101522556	Right interface	Electrolyte	Used in the model	0.0
141	1356.4202281241967	Right interface	Right active material	Favorable	0.0
141	1356.4202281241967	Right interface	Right active material	Cumulated	0.0
141	1356.4202281241967	Right interface	Right active material	Used in the model	0.0
141	1356.4202281241967	Right interface	Electrolyte	Used in the model	0.0
142	1359.1950460961377	Right interface	Right active material	Favorable	0.0
142	1359.1950460961377	Right interface	Right active material	Cumulated	0.0
142	1359.1950460961377	Right interface	Right active material	Used in the model	0.0
142	1359.1950460961377	Right interface	Electrolyte	Used in the model	0.0
143	1361.9698640680788	Right interface	Right active material	Favorable	0.0
143	1361.9698640680788	Right interface	Right active material	Cumulated	0.0
143	1361.9698640680788	Right interface	Right active material	Used in the model	0.0
143	1361.9698640680788	Right interface	Electrolyte	Used in the model	0.0
144	1364.7446820400198	Right interface	Right active material	Favorable	0.0
144	1364.7446820400198	Right interface	Right active material	Cumulated	0.0
144	1364.7446820400198	Right interface	Right active material	Used in the model	0.0
144	1364.7446820400198	Right interface	Electrolyte	Used in the model	0.0
145	1367.5195000119609	Right interface	Right active material	Favorable	0.0
145	1367.5195000119609	Right interface	Right active material	Cumulated	0.0
145	1367.5195000119609	Right interface	Right active material	Used in the model	0.0
145	1367.5195000119609	Right interface	Electrolyte	Used in the model	0.0
146	1370.294317983902	Right interface	Right active material	Favorable	0.0
146	1370.294317983902	Right interface	Right active material	Cumulated	0.0
146	1370.294317983902	Right interface	Right active material	Used in the model	0.0
146	1370.294317983902	Right interface	Electrolyte	Used in the model	0.0
147	1373.069135955843	Right interface	Right active material	Favorable	0.0
147	1373.069135955843	Right interface	Right active material	Cumulated	0.0
147	1373.069135955843	Right interface	Right active material	Used in the model	0.0
147	1373.069135955843	Right interface	Electrolyte	Used in the model	0.0
148	1375.843953927784	Right interface	Right active material	Favorable	0.0
148	1375.843953927784	Right interface	Right active material	Cumulated	0.0
148	1375.843953927784	Right interface	Right active material	Used in the model	0.0
148	1375.843953927784	Right interface	Electrolyte	Used in the model	0.0
149	1378.618771899725	Right interface	Right active material	Favorable	0.0
149	1378.618771899725	Right interface	Right active material	Cumulated	0.0
149	1378.618771899725	Right interface	Right active material	Used in the model	0.0
149	1378.618771899725	Right interface	Electrolyte	Used in the model	0.0
150	1381.393589871666	Right interface	Right active material	Favorable	0.0
150	1381.393589871666	Right interface	Right active material	Cumulated	0.0
150	1381.393589871666	Right interface	Right active material	Used in the model	0.0
150	1381.393589871666	Right interface	Electrolyte	Used in the model	0.0
151	1384.1684078436072	Right interface	Right active material	Favorable	0.0
151	1384.1684078436072	Right interface	Right active material	Cumulated	0.0
151	1384.1684078436072	Right interface	Right active material	Used in the model	0.0
151	1384.1684078436072	Right interface	Electrolyte	Used in the model	0.0
152	1386.9432258155482	Right interface	Right active material	Favorable	0.0
152	1386.9432258155482	Right interface	Right active material	Cumulated	0.0
152	1386.9432258155482	Right interface	Right active material	Used in the model	0.0
152	1386.9432258155482	Right interface	Electrolyte	Used in the model	0.0
153	1389.7180437874893	Right interface	Right active material	Favorable	0.0
153	1389.7180437874893	Right interface	Right active material	Cumulated	0.0
153	1389.7180437874893	Right interface	Right active material	Used in the model	0.0
153	1389.7180437874893	Right interface	Electrolyte	Used in the model	0.0
154	1392.4928617594303	Right interface	Right active material	Favorable	0.0
154	1392.4928617594303	Right interface	Right active material	Cumulated	0.0
154	1392.4928617594303	Right interface	Right active material	Used in the model	0.0
154	1392.4928617594303	Right interface	Electrolyte	Used in the model	0.0
155	1395.2676797313713	Right interface	Right active material	Favorable	0.0
155	1395.2676797313713	Right interface	Right active material	Cumulated	0.0
155	1395.2676797313713	Right interface	Right active material	Used in the model	0.0
155	1395.2676797313713	Right interface	Electrolyte	Used in the model	0.0
156	1398.0424977033124	Right interface	Right active material	Favorable	0.0
156	1398.0424977033124	Right interface	Right active material	Cumulated	0.0
156	1398.0424977033124	Right interface	Right active material	Used in the model	0.0
156	1398.0424977033124	Right interface	Electrolyte	Used in the model	0.0
157	1400.8173156752534	Right interface	Right active material	Favorable	0.0
157	1400.8173156752534	Right interface	Right active material	Cumulated	0.0
157	1400.8173156752534	Right interface	Right active material	Used in the model	0.0
157	1400.8173156752534	Right interface	Electrolyte	Used in the model	0.0
158	1403.5921336471945	Right interface	Right active material	Favorable	0.0
158	1403.5921336471945	Right interface	Right active material	Cumulated	0.0
158	1403.5921336471945	Right interface	Right active material	Used in the model	0.0
158	1403.5921336471945	Right interface	Electrolyte	Used in the model	0.0
159	1406.3669516191355	Right interface	Right active material	Favorable	0.0
159	1406.3669516191355	Right interface	Right active material	Cumulated	0.0
159	1406.3669516191355	Right interface	Right active material	Used in the model	0.0
159	1406.3669516191355	Right interface	Electrolyte	Used in the model	0.0
160	1409.1417695910766	Right interface	Right active material	Favorable	0.0
160	1409.1417695910766	Right interface	Right active material	Cumulated	0.0
160	1409.1417695910766	Right interface	Right active material	Used in the model	0.0
160	1409.1417695910766	Right interface	Electrolyte	Used in the model	0.0
161	1411.9165875630176	Right interface	Right active material	Favorable	0.0
161	1411.9165875630176	Right interface	Right active material	Cumulated	0.0
161	1411.9165875630176	Right interface	Right active material	Used in the model	0.0
161	1411.9165875630176	Right interface	Electrolyte	Used in the model	0.0
162	1414.6914055349587	Right interface	Right active material	Favorable	0.0
162	1414.6914055349587	Right interface	Right active material	Cumulated	0.0
162	1414.6914055349587	Right interface	Right active material	Used in the model	0.0
162	1414.6914055349587	Right interface	Electrolyte	Used in the model	0.0
163	1417.4662235068997	Right interface	Right active material	Favorable	0.0
163	1417.4662235068997	Right interface	Right active material	Cumulated	0.0
163	1417.4662235068997	Right interface	Right active material	Used in the model	0.0
163	1417.4662235068997	Right interface	Electrolyte	Used in the model	0.0
164	1420.2410414788408	Right interface	Right active material	Favorable	0.0
164	1420.2410414788408	Right interface	Right active material	Cumulated	0.0
164	1420.2410414788408	Right interface	Right active material	Used in the model	0.0
164	1420.2410414788408	Right interface	Electrolyte	Used in the model	0.0
165	1423.0158594507818	Right interface	Right active material	Favorable	0.0
165	1423.0158594507818	Right interface	Right active material	Cumulated	0.0
165	1423.0158594507818	Right interface	Right active material	Used in the model	0.0
165	1423.0158594507818	Right interface	Electrolyte	Used in the model	0.0
166	1425.7906774227229	Right interface	Right active material	Favorable	0.0
166	1425.7906774227229	Right interface	Right active material	Cumulated	0.0
166	1425.7906774227229	Right interface	Right active material	Used in the model	0.0
166	1425.7906774227229	Right interface	Electrolyte	Used in the model	0.0
167	1428.565495394664	Right interface	Right active material	Favorable	0.0
167	1428.565495394664	Right interface	Right active material	Cumulated	0.0
167	1428.565495394664	Right interface	Right active material	Used in the model	0.0
167	1428.565495394664	Right interface	Electrolyte	Used in the model	0.0
168	1431.340313366605	Right interface	Right active material	Favorable	0.0
168	1431.340313366605	Right interface	Right active material	Cumulated	0.0
168	1431.340313366605	Right interface	Right active material	Used in the model	0.0
168	1431.340313366605	Right interface	Electrolyte	Used in the model	0.0
169	1434.115131338546	Right interface	Right active material	Favorable	0.0
169	1434.115131338546	Right interface	Right active material	Cumulated	0.0
169	1434.115131338546	Right interface	Right active material	Used in the model	0.0
169	1434.115131338546	Right interface	Electrolyte	Used in the model	0.0
170	1436.889949310487	Right interface	Right active material	Favorable	0.0
170	1436.889949310487	Right interface	Right active material	Cumulated	0.0
170	1436.889949310487	Right interface	Right active material	Used in the model	0.0
170	1436.889949310487	Right interface	Electrolyte	Used in the model	0.0
